Year,Entity,Lithium production - kt
2015,World,147.21664811541643
2016,World,144.11315582688977
2017,World,95.30068781183776
2018,World,106.52097515426931
2019,World,134.5861537878101
2020,World,92.65935767748107
2021,World,78.62883766746543
2022,World,65.06625984557961
2023,World,102.39273066978421
